[{"id":"1","name":"table1","seats":"18","avalible":"true"},{"id":"2","name":"table1","seats":"4","avalible":"true"},{"id":"3","name":"table1","seats":"4","avalible":"true"},"table1",{"id":"1","name":"table1","seats":"4","avalible":"true"},{"id":"1","name":"table1","seats":"4","avalible":"true"},{"id":"1","name":"table1","seats":"4","avalible":"true"},{"id":"1","name":"table1","seats":"4","avalible":"true"},{"id":"1","name":"table1","seats":"4","avalible":"true"},{"id":"1","name":"table1","seats":"4","avalible":"true"}]